22272,Sphere,1,100,2011-05-16 16:32:11.963929+00,0,f9d1464d-82dd-33a4-a4eb-ea94b6a70e6b
38334,Andrea Falconiero,1,97,2011-05-16 16:32:11.963929+00,0,8269c9f8-17a4-3f14-b3f2-89ac71d8c6d0
217210,Hollywood Ending,1,64,2011-05-16 16:32:11.963929+00,0,41295c77-27d3-3a00-805a-5a54565cec23
352750,Lee Jones,1,227,2011-05-16 16:32:11.963929+00,0,5885bc4b-ef81-35fc-b614-4b46a9a9056a
341035,manzo,1,417,2011-05-16 16:32:11.963929+00,0,8758349e-078d-3a1e-9f2f-8ba0a090e4ef
147064,Indiadrop,1,24,2011-05-16 16:32:11.963929+00,0,d0b4b2e2-b4ae-3065-a8f7-75849ceba0a8
188984,Gaida,1,22,2011-05-16 16:32:11.963929+00,0,e7bc1c82-f23c-3f1b-8968-129fd09c8036
362142,Nicholas Sauser,1,8,2011-05-16 16:32:11.963929+00,0,7221ad46-ddb0-3ba4-82d7-811a790304be
5420,Kenny Barron,1,876,2011-05-16 16:32:11.963929+00,0,8907e0c6-f475-3306-91b8-110f3d11424e
322493,Amsterdam Shaun,1,4,2011-05-16 16:32:11.963929+00,0,fb1fb64c-e9da-394c-b960-725164fe894e
99168,Vicky Vale,1,194,2011-05-16 16:32:11.963929+00,0,634a5012-5a96-3718-b757-5eb21b9e9a41
185717,Funky Diamonds,1,161,2011-05-16 16:32:11.963929+00,0,83fbf2c4-3c16-31c0-86b4-73ae249d5d26
101626,Wayne County and the Back Street Boys,1,26,2011-05-16 16:32:11.963929+00,0,2966a1e8-57c5-392d-90f0-29732b6d8d6a
327734,The Outcasts,1,390,2011-05-16 16:32:11.963929+00,0,a12d998b-bbc3-3b9c-aa38-c48088b321d0
190077,Мария Нейкова,1,12,2011-05-16 16:32:11.963929+00,0,8ee838ab-efe8-31a8-84f2-f590c3157c8a
11998,Kelly Price,1,446,2011-05-16 16:32:11.963929+00,0,9d01916b-3246-3da6-b47a-8a167c9c471d
784,Lou Bega,1,1089,2011-05-16 16:32:11.963929+00,0,50490346-ee7c-3306-ae2c-f33ee84606ad
1294,Lighthouse,1,658,2011-05-16 16:32:11.963929+00,0,fea4babd-b0bd-3b20-b66a-e21eda54548e
266345,The Smart Set,1,30,2011-05-16 16:32:11.963929+00,0,14b227b4-071b-3563-be64-305dd7bd971b
3578,Anthrophobia,1,94,2011-05-16 16:32:11.963929+00,0,91745f7b-8c1d-310a-a92f-4a1f0df18d01
76157,Bacon Popper,1,198,2011-05-16 16:32:11.963929+00,0,ac7be0a8-02c5-34b1-9269-cf28f34d1af5
61539,Boo Hewerdine,1,423,2011-05-16 16:32:11.963929+00,0,c558d845-b2b3-32fa-b294-8f2e2d7a6260
1318,Luis Miguel,1,1683,2011-05-16 16:32:11.963929+00,0,c458051e-c090-3518-b46a-8e1862ec1acd
330067,Steve A. Jerkin,1,8,2011-05-16 16:32:11.963929+00,0,044f5070-e4f4-3329-ab92-ec8f731cb7fd
171846,Mike Brady,1,136,2011-05-16 16:32:11.963929+00,0,202542a1-08fd-304a-80a2-d0821c779133
176151,Aunty Jack,1,186,2011-05-16 16:32:11.963929+00,0,dad35ab2-dba5-3bbf-b10c-78ed99311ecf
284578,Jack Goldbird,1,13,2011-05-16 16:32:11.963929+00,0,f14e0d0c-dcc4-3734-9a36-77a26e2fb045
44,Built to Spill,1,2939,2011-05-16 16:32:11.963929+00,0,525d6981-e580-384c-b36e-a246a1af49b8
228791,enLounge,1,12,2011-05-16 16:32:11.963929+00,0,f3599f69-d96d-3df9-a529-decc09999657
5246,Chris Potter,1,636,2011-05-16 16:32:11.963929+00,0,97463037-f2ad-3882-a984-67cdb5a7b65a
261977,Melodica,1,18,2011-05-16 16:32:11.963929+00,0,56f89464-c374-3c81-b789-a5c2384f383b
261742,Kenny & Amanda Smith Band,1,131,2011-05-16 16:32:11.963929+00,0,1d1c3739-1dbb-3c5a-a4b3-9da24ea157fa
54165,Reign Of Erebus,1,66,2011-05-16 16:32:11.963929+00,0,2192b0fc-a4fa-3f14-88b8-af45422b6b54
244969,Rayan,1,6,2011-05-16 16:32:11.963929+00,0,f1985700-5b7a-3cdd-a066-56aa66fc7384
25,Pavement,1,3475,2011-05-16 16:32:11.963929+00,0,e9c2a915-a050-35ec-99d0-a2316454ab0f
155951,Nicole & Hugo,1,213,2011-05-16 16:32:11.963929+00,0,e19f1def-e1c3-346c-af3a-49b0318e5e61
270433,Dzintars: The Latvian Women's Choir,1,34,2011-05-16 16:32:11.963929+00,0,06cfe167-89c9-3d12-9e21-103306ba7d43
96465,Eternal Basement,1,130,2011-05-16 16:32:11.963929+00,0,4f6336b2-840b-30c3-b9d9-70cd591238f9
230564,Los Sindys,1,2,2011-05-16 16:32:11.963929+00,0,92f00aeb-41a2-30ce-b5b3-b03d48d6194f
247501,Jyve V,1,26,2011-05-16 16:32:11.963929+00,0,8f883ae2-e015-30be-89c8-53d3c69f09e2
936,Bree Sharp,1,83,2011-05-16 16:32:11.963929+00,0,7f192928-1337-3716-810b-4707af857895
118286,Ruth Jacott,1,696,2011-05-16 16:32:11.963929+00,0,84c819a8-6c28-3f8d-be18-26b7282dd1aa
74912,Malcolm Yelvington,1,232,2011-05-16 16:32:11.963929+00,0,48d1d958-5f79-36e5-8099-dd7255643456
253519,Gilberto Gil Umbelina,1,2,2011-05-16 16:32:11.963929+00,0,e3549544-ee57-31fc-ac48-471d14d5626a
2914,Autechre,1,3637,2011-05-16 16:32:11.963929+00,0,b0ca72ab-71e4-33b9-a2d0-bfacf791a104
64273,Lars Berghagen,1,331,2011-05-16 16:32:11.963929+00,0,00348d7d-f742-3d43-b48a-672747dfb1a3
1108,Quasi,1,933,2011-05-16 16:32:11.963929+00,0,a8f7f700-7a1b-381b-8264-04c0573c7354
6043,Floorpunch,1,129,2011-05-16 16:32:11.963929+00,0,d6a9334c-90f8-305b-aa9b-8e981d5850e9
971,Mr. Oizo,1,1307,2011-05-16 16:32:11.963929+00,0,6a21614c-ce9b-3836-b201-8b77b5e11877
11358,Bola,1,301,2011-05-16 16:32:11.963929+00,0,3e04c3b3-eee4-3bf0-8dda-e6716f500e7e
4300,Joni James,1,1559,2011-05-16 16:32:11.963929+00,0,c6a09adc-93c4-321d-b9ea-bb8c8ec5d120
142,George Michael,1,4906,2011-05-16 16:32:11.963929+00,0,db07b244-3013-3997-8f3a-23c51537b1fa
265742,United Bible Studies,1,331,2011-05-16 16:32:11.963929+00,0,1ebb2b08-beca-3794-9d10-71bbec577bb0
154565,Gelgoleth,1,4,2011-05-16 16:32:11.963929+00,0,f2058e37-f445-32d1-a521-52ef9164f221
141218,Fernanda Abreu,1,446,2011-05-16 16:32:11.963929+00,0,bfaa2605-e0e3-3a86-9270-48310a2efa13
319038,Mark Reeder,1,69,2011-05-16 16:32:11.963929+00,0,d656573d-3722-3a3e-8995-21b2466eb69f
76957,Giancarlo Barigozzi,1,47,2011-05-16 16:32:11.963929+00,0,34b3c2e2-f899-37c1-8d51-c08e7d85287e
341566,Circus,1,143,2011-05-16 16:32:11.963929+00,0,97ee8ef5-00a8-3c0b-bf7f-1006f18ed249
168241,Ungdumshälsan,1,27,2011-05-16 16:32:11.963929+00,0,bdbdc21d-68bb-383a-9ed7-3b5b4a9f3de5
344036,Keg Killers,1,2,2011-05-16 16:32:11.963929+00,0,c43fc658-e628-33d6-beb7-43df824cf80a
90549,Bloodbath,1,596,2011-05-16 16:32:11.963929+00,0,9392e1a0-98e7-32ae-9f30-5d3811d7c7e6
45,Cadallaca,1,118,2011-05-16 16:32:11.963929+00,0,b60d3b3e-f441-37ca-9464-d5af9d4b390f
304711,Steve Dorff and Friends,1,2,2011-05-16 16:32:11.963929+00,0,b2a64846-5d1f-3676-84bb-6fbf238026c3
166375,Orcheste Cinema,1,2,2011-05-16 16:32:11.963929+00,0,fb963fc2-60b7-37ca-b2f3-76276bfc1514
146214,mr. gravity,1,12,2011-05-16 16:32:11.963929+00,0,5ae21273-5db0-3013-a8f9-735ce77d5f14
266682,Eddie Dugosh,1,10,2011-05-16 16:32:11.963929+00,0,68fbeb1f-13fc-3534-b427-0c08a8d76c55
38269,Devils Brigade,1,54,2011-05-16 16:32:11.963929+00,0,2216281a-d9d5-3056-b164-fa9c53698973
242128,Daphné,1,310,2011-05-16 16:32:11.963929+00,0,4a46deb7-3970-30db-95cc-fb351a352081
68375,The Klezmatics,1,771,2011-05-16 16:32:11.963929+00,0,78c3c8f6-1c29-342e-bb3a-08a616aecb60
1605,Scorpions,1,14015,2011-05-16 16:32:11.963929+00,0,a7214ea1-4a20-346f-9d17-fbe178c7bce8
224856,Esthetic Education,1,205,2011-05-16 16:32:11.963929+00,0,8a4a2316-bf2f-3559-905f-29c7eb7471ea
64249,Carola,1,1453,2011-05-16 16:32:11.963929+00,0,e0632632-493a-3c70-bbbe-7a4c8545ce12
165940,Nadieh,1,248,2011-05-16 16:32:11.963929+00,0,04f89b9c-0753-3862-be48-a72e4e6842be
7816,Michael Gira,1,341,2011-05-16 16:32:11.963929+00,0,fdac5837-4541-3095-85b0-7b97dfcce3d8
251182,Cabine C,1,26,2011-05-16 16:32:11.963929+00,0,a945120f-e53c-3295-ade0-3d57fe66758a
498,Crazy Town,1,656,2011-05-16 16:32:11.963929+00,0,c9a951b9-eff2-3cd4-95fa-e04186dde30a
52122,Yagya,1,509,2011-05-16 16:32:11.963929+00,0,1ae044a6-91f3-346a-9a3a-1b425f2ed980
325292,Charlie Kunz,1,333,2011-05-16 16:32:11.963929+00,0,a8ff3ec2-ad4b-3e01-ad34-3e56e1366910
71378,Tales From the Hardside,1,74,2011-05-16 16:32:11.963929+00,0,b8ce1679-958e-3de4-b521-9073aec22639
355033,The Chosen Few,1,322,2011-05-16 16:32:11.963929+00,0,09239615-4794-30c0-9ab8-c73c2480612c
6045,Man Will Surrender,1,76,2011-05-16 16:32:11.963929+00,0,36df6b40-5037-36af-bb7f-6ee7554edbea
124075,Deborah Wilson,1,73,2011-05-16 16:32:11.963929+00,0,582067d1-686b-31d9-9b13-4daf7b50daa6
1378,Tracy Bonham,1,641,2011-05-16 16:32:11.963929+00,0,dc900193-d729-3ce9-86fe-784bbdc8bbcb
6867,Liam Clancy,1,455,2011-05-16 16:32:11.963929+00,0,0fd49a01-e42f-3d75-8a70-3b452b87ef48
170016,Poul Bundgaard,1,365,2011-05-16 16:32:11.963929+00,0,fb4a2032-56ec-309a-ac48-f146af6a55bf
999,The Mighty Mighty Bosstones,1,1365,2011-05-16 16:32:11.963929+00,0,b171767e-80f7-3a2d-a23e-ed539549f056
72171,Wat Tyler,1,686,2011-05-16 16:32:11.963929+00,0,ed19c1d8-37b0-3a6b-91ad-953c152a640a
1560,Bloodhound Gang,1,2199,2011-05-16 16:32:11.963929+00,0,b53e6027-d749-338f-a288-16f3f6f1baa4
47528,Manes,1,422,2011-05-16 16:32:11.963929+00,0,deafff7c-8209-36b2-ae0f-1c261a28ebde
327,Peter Cetera,1,1022,2011-05-16 16:32:11.963929+00,0,f620bde7-64d8-3e4c-924f-d429324f0747
121481,Louis Moreau Gottschalk,1,622,2011-05-16 16:32:11.963929+00,0,ee421aa2-8904-36b2-871c-ed67a3b92b92
277650,The Haywards,1,124,2011-05-16 16:32:11.963929+00,0,813e60f1-2a11-36ed-aa61-f9ccac23b45e
808,Simply Red,1,5868,2011-05-16 16:32:11.963929+00,0,e0afadab-052a-3c7c-8fe4-ecf9d0c6cec1
126774,Ee,1,175,2011-05-16 16:32:11.963929+00,0,7f182bf7-2426-3f9a-843c-1d1027e0ac54
382,Atari Teenage Riot,1,1524,2011-05-16 16:32:11.963929+00,0,cf27fa1e-f9c4-30ef-b558-9be1b6548875
241618,Ken Lazarus,1,162,2011-05-16 16:32:11.963929+00,0,02465296-ab2a-3d15-85e9-ee3aea997950
2632,Men at Work,1,2136,2011-05-16 16:32:11.963929+00,0,6b2897d6-04f0-3782-9187-4ea88036fcfc
1418,Tangerine Dream,1,18057,2011-05-16 16:32:11.963929+00,0,97163052-faef-3235-aee9-4cecc605eddb
11170,AFI,1,2373,2011-05-16 16:32:11.963929+00,0,c74d14a5-cf31-363f-994a-faebbdfec096
12290,莫文蔚,1,1491,2011-05-16 16:32:11.963929+00,0,bba6af5f-b1f5-3669-a022-2191dafc971c
1321,Natalie Merchant,1,2012,2011-05-16 16:32:11.963929+00,0,1a4c7e35-cb28-3295-b509-3653cf507888
90946,Zjef Vanuytsel,1,313,2011-05-16 16:32:11.963929+00,0,482f0534-d20e-3695-934c-a11c4dc8fc9f
668,Mellow Trax,1,418,2011-05-16 16:32:11.963929+00,0,ee59222c-42f5-335e-8bc6-b0610e3e576f
310,Bryan Ferry,1,5281,2011-05-16 16:32:11.963929+00,0,68f18788-786a-39eb-997d-8178a79ea293
70313,Gustaw Lutkiewicz,1,9,2011-05-16 16:32:11.963929+00,0,8fe51ede-ada8-34e0-b2a9-fe838909108a
88833,King Oliver,1,947,2011-05-16 16:32:11.963929+00,0,7e4847d7-973d-32aa-a2e7-7770f2d0a8f1
5442,Jorge Dalto & The Interamerican Band,1,19,2011-05-16 16:32:11.963929+00,0,fefef56d-d5eb-3511-add3-63750ac8ae12
313720,Afro Kolektyw,1,388,2011-05-16 16:32:11.963929+00,0,7e3bc54c-91a7-3025-901e-45096b9e53c5
5212,Y & T,1,67,2011-05-16 16:32:11.963929+00,0,662c2240-de72-3548-9224-199afd294c7e
62330,mewithoutYou,1,956,2011-05-16 16:32:11.963929+00,0,61088d62-5fb5-3ff8-867f-4cc648f1268b
6254,Giora Feidman,1,1263,2011-05-16 16:32:11.963929+00,0,3ce8abba-cdc5-3f9e-b7f4-a78b3308c0ba
1049,LeAnn Rimes,1,2617,2011-05-16 16:32:11.963929+00,0,dfb6c448-dadd-33e6-97d5-962cad9d3d0c
49278,Hans Teeuwen,1,368,2011-05-16 16:32:11.963929+00,0,49ca6d9b-6732-334e-8e62-4759ab3c4dbc
3634,Fiona Joyce,1,147,2011-05-16 16:32:11.963929+00,0,c0340068-91b7-3423-bbb7-eb13a4533eb5
806,Dune,1,978,2011-05-16 16:32:11.963929+00,0,d92e7255-b1c4-3f17-90b3-35669b266032
110151,Tröckener Kecks,1,625,2011-05-16 16:32:11.963929+00,0,104086c2-2659-3dac-a877-e17c3779f112
7069,Dubadelic,1,65,2011-05-16 16:32:11.963929+00,0,256036af-e65f-3b48-a371-871ab2beaf1a
240486,Chris Brown,1,3311,2011-05-16 16:32:11.963929+00,0,a884ee3d-f0c8-3cec-9546-73b9b528ad61
1158,The Smiths,1,8720,2011-05-16 16:32:11.963929+00,0,972cc02f-a426-30ae-8c7d-9136114e8c08
121132,Caravelli,1,721,2011-05-16 16:32:11.963929+00,0,dc5c061a-d1b6-3ff3-92ba-7a77535b6e35
38038,Club Nouveau,1,492,2011-05-16 16:32:11.963929+00,0,e59f31f1-dc15-38b9-a029-5f59b0e58af6
1413,GusGus,1,1910,2011-05-16 16:32:11.963929+00,0,af0e5fd3-ce24-3209-822e-4aa83e6ed0d1
807,Jewel,1,3496,2011-05-16 16:32:11.963929+00,0,71631a89-ad4c-3615-a72c-5d46fdd10f3c
1230,王菲,1,5411,2011-05-16 16:32:11.963929+00,0,c6f44167-5a1a-35e9-acd8-7db10fc72c27
37,Garbage,1,6629,2011-05-16 16:32:11.963929+00,0,c5511c1c-1d94-3ab7-bc31-d977457d543f
685,Corona,1,2047,2011-05-16 16:32:11.963929+00,0,e4a8a735-ae6d-3ca4-b97f-b036dfecd8db
322502,Outlaw Blood,1,63,2011-05-16 16:32:11.963929+00,0,8a5aa1a0-b532-3ef8-ad5b-d0068d98375c
1660,Judas Priest,1,12823,2011-05-16 16:32:11.963929+00,0,70272780-c5d2-33d0-a615-b9b5c34c0607
166357,Jody McBrayer,1,78,2011-05-16 16:32:11.963929+00,0,d309dba6-eb23-3d99-b654-375a0e097c2f
347693,Alpheus,1,167,2011-05-16 16:32:11.963929+00,0,511f435b-7aa2-3aba-9069-64ef16aad2bb
1616,Tina Turner,1,7333,2011-05-16 16:32:11.963929+00,0,08a72de7-0a44-3095-be2e-aa0545056d60
1102,Liz Phair,1,2122,2011-05-16 16:32:11.963929+00,0,72ecbc5c-3969-3962-bc8d-58e0c15bede3
347,Nine Inch Nails,1,18472,2011-05-16 16:32:11.963929+00,0,19fe2154-9a0c-3ad5-a736-b46beea954d4
11814,The Manhattan Transfer,1,2478,2011-05-16 16:32:11.963929+00,0,9ae3e68c-b44c-3c96-ba1f-a5c519aaab0f
1128,Jacques Brel,1,6196,2011-05-16 16:32:11.963929+00,0,d94d9ae6-1d26-30f0-a621-aa6be76f1e6e
38,Hole,1,1987,2011-05-16 16:32:11.963929+00,0,466a4327-45de-310c-a883-b0be794e260d
6046,108,1,257,2011-05-16 16:32:11.963929+00,0,9e0f5f1b-17bb-3eda-a679-17328c63953d
1632,George Strait,1,3832,2011-05-16 16:32:11.963929+00,0,1b528321-909e-3ff5-87bf-980105dd6b28
5651,Soilent Green,1,284,2011-05-16 16:32:11.963929+00,0,402ca8a1-7e69-374c-8f13-1b69b9dea43c
2915,Sash!,1,2823,2011-05-16 16:32:11.963929+00,0,61bbf0c9-8c74-3cb5-b44c-85c662faedc6
186,Kansas,1,5282,2011-05-16 16:32:11.963929+00,0,705963fe-aed0-3067-bf6f-240a53c0a558
305,Blind Melon,1,1819,2011-05-16 16:32:11.963929+00,0,c891596f-5584-3022-804b-717f04c64edf
1434,The Cars,1,4094,2011-05-16 16:32:11.963929+00,0,a91a136c-484d-3cb3-8866-ac77ef54dc7c
335651,Groovilicious,1,72,2011-05-16 16:32:11.963929+00,0,a350f0d2-b904-3cb3-a984-2b027b74a1c2
340156,Foreign Islands,1,59,2011-05-16 16:32:11.963929+00,0,9c3dbe76-abd9-3b62-b762-c2efaba0f798
219368,Xis,1,104,2011-05-16 16:32:11.963929+00,0,007e4227-675d-3903-ac24-ff804ac560c2
1160,Alison Moyet,1,2536,2011-05-16 16:32:11.963929+00,0,583b95e1-c345-3870-8b4b-4b22067b588c
309944,X Vortex,1,4,2011-05-16 16:32:11.963929+00,0,56cdd4ad-f762-3d44-a8b9-1795a9258bd3
267480,Lille Eris,1,21,2011-05-16 16:32:11.963929+00,0,63bd3b49-acfe-39b4-9c79-ade86cfd77c9
2085,Cocteau Twins,1,2917,2011-05-16 16:32:11.963929+00,0,8fcdfdc4-094f-3fcf-a90e-c3a2dd82dd8b
228627,Vomit Remnants,1,286,2011-05-16 16:32:11.963929+00,0,5ad0aae1-889a-3a18-a16f-9143c64f7b39
323253,The High Beams,1,22,2011-05-16 16:32:11.963929+00,0,4eb30e35-8770-3f01-964e-36dea09d2263
1614,808 State,1,2409,2011-05-16 16:32:11.963929+00,0,3193e1dc-075b-34d8-adaa-6c1f401249c8
1435,Cream,1,6150,2011-05-16 16:32:11.963929+00,0,900ded5c-de6f-340e-9d98-b4c3e7be58d0
259775,Blood of the Martyr,1,23,2011-05-16 16:32:11.963929+00,0,f303330f-e01c-3d68-9fb2-ba80df5f438d
307,Áine Minogue,1,500,2011-05-16 16:32:11.963929+00,0,143f9d8e-3617-3df5-881a-3599229c0211
1013,Stabbing Westward,1,881,2011-05-16 16:32:11.963929+00,0,531060df-b02a-366a-a4d8-e7d42b01e704
132,The Temptations,1,9276,2011-05-16 16:32:11.963929+00,0,cf35c13e-96e8-33bb-bdb3-b597ae566f58
482,Alice in Chains,1,4748,2011-05-16 16:32:11.963929+00,0,20e0678a-a698-3c44-a06f-5ee6547d7db3
1345,Right Said Fred,1,1569,2011-05-16 16:32:11.963929+00,0,eb2c1428-2e8c-3b61-9b35-c68edc4e1147
311602,12 Tree,1,14,2011-05-16 16:32:11.963929+00,0,5ebadb3e-29fd-340c-926d-07576f228545
7981,The Forgotten Rebels,1,496,2011-05-16 16:32:11.963929+00,0,e3e6a5e9-7320-30b2-a3ba-77f5df5faa09
1569,Save Ferris,1,314,2011-05-16 16:32:11.963929+00,0,fd5f8608-7506-3a1c-a37d-7b693c5752df
717,La Bouche,1,1637,2011-05-16 16:32:11.963929+00,0,0a91cd23-288d-3335-bb9a-8db04356086e
286272,Simple D.S.N.,1,4,2011-05-16 16:32:11.963929+00,0,2d0b124d-89dd-324f-8871-c65fd4beab42
208147,Lisa Christ Superstar,1,4,2011-05-16 16:32:11.963929+00,0,3e342b9a-2938-3806-b165-3d16f62b9974
354664,Mizrabul Bar Stuards,1,4,2011-05-16 16:32:11.963929+00,0,822ea096-5941-35d8-baac-886baa5c9fe5
256823,Lunarsea,1,197,2011-05-16 16:32:11.963929+00,0,cba6fc1b-028d-386d-a82a-4f3143152b00
60551,Rubaja and Hernandez,1,14,2011-05-16 16:32:11.963929+00,0,1c73a823-70e0-3d90-9608-589e997b1d8d
359638,Antidread,1,2,2011-05-16 16:32:11.963929+00,0,0b0551d7-b241-3bec-a12c-fc05c3e42fa8
50553,Zillertaler Vagabunden,1,10,2011-05-16 16:32:11.963929+00,0,89a11d4f-293b-3cb0-8d01-9e9e68728e44
255065,Frank Taylor,1,34,2011-05-16 16:32:11.963929+00,0,58200c6b-4420-395d-9f63-1ece826dfc15
269607,Taunusheim,1,22,2011-05-16 16:32:11.963929+00,0,6e309da9-4ef1-3375-8fad-a76de80cf470
226992,The Magic Numbers,1,768,2011-05-16 16:32:11.963929+00,0,41b73388-e6e1-3bc9-85b6-b27cbf555acb
239881,Sordid Sentimental,1,2,2011-05-16 16:32:11.963929+00,0,de6fd5be-6d4c-302d-891a-dd0f60b63eaf
278448,The Emeralds,1,36,2011-05-16 16:32:11.963929+00,0,aff004c0-b5ab-39c5-885a-61f23283abc2
199703,Dylan & Facs,1,52,2011-05-16 16:32:11.963929+00,0,83b040fd-825a-36db-8952-31793561c1ce
146050,Blind By Noon,1,25,2011-05-16 16:32:11.963929+00,0,57932887-74ed-30e7-bd55-6e29b556c381
112621,Tantalize,1,2,2011-05-16 16:32:11.963929+00,0,3df6f957-8b7f-3e86-ba2a-0b2c0fc0b412
322892,Franco Risi,1,2,2011-05-16 16:32:11.963929+00,0,92a0f09a-98a5-39ca-b16e-407062032580
127226,Fez Dispenser,1,162,2011-05-16 16:32:11.963929+00,0,f228a5db-5db1-3843-afbc-ff9717a2157a
5152,Lord Belial,1,1034,2011-05-16 16:32:11.963929+00,0,cd42a2ea-c283-3c23-bfc3-35e341704cde
115017,Joy Layne,1,12,2011-05-16 16:32:11.963929+00,0,9a6e39e1-d27d-33cb-b03e-30ee02c72877
96879,Faith or Fear,1,122,2011-05-16 16:32:11.963929+00,0,ae729274-27a2-300b-aee2-b805a05212a1
51,Le Tigre,1,634,2011-05-16 16:32:11.963929+00,0,2cc13b6b-fff9-36ca-87be-66be74423c1e
3479,Azteca,1,269,2011-05-16 16:32:11.963929+00,0,455c693d-74f4-3a56-8068-a26255977334
139936,Stagga Lee,1,15,2011-05-16 16:32:11.963929+00,0,c8041846-7dc7-3ac6-a34a-90f81b0b7fe3
77295,The Blood Brothers,1,541,2011-05-16 16:32:11.963929+00,0,96d9f994-39e4-3bae-9aa2-9eb61c9b8128
1537,DJ Spooky,1,750,2011-05-16 16:32:11.963929+00,0,fdb7aef3-1c58-3e6d-a429-1370db9fc337
113148,The Blood Group,1,53,2011-05-16 16:32:11.963929+00,0,1ab5cfaa-cf22-34dd-a772-5281efc8490c
95860,Claudia Beni,1,60,2011-05-16 16:32:11.963929+00,0,b4ced378-aa06-3bc8-8646-bfb75c7d5847
504,Dropkick Murphys,1,2279,2011-05-16 16:32:11.963929+00,0,e455ccdd-a797-3d7d-88ae-66c44fa83ab4
311233,Tony Benn,1,66,2011-05-16 16:32:11.963929+00,0,d8fc6716-a5b7-3cd0-b237-c674f2c54ed7
7377,Hosea Leavy,1,26,2011-05-16 16:32:11.963929+00,0,829e38ba-185c-3424-9677-f451ec8a35e8
8551,Gandalf,1,1607,2011-05-16 16:32:11.963929+00,0,178e5a64-1c9b-3e36-b9a4-d42162b1e2f4
325,Martin L. Gore,1,512,2011-05-16 16:32:11.963929+00,0,ea8174d8-ce3d-3702-8b50-c65ca7bfbaef
263391,Nick Beggs,1,166,2011-05-16 16:32:11.963929+00,0,f8c9668f-1eb0-3815-8609-8653460df732
1051,Andrew Lloyd Webber,1,12464,2011-05-16 16:32:11.963929+00,0,ab2efb67-0819-393b-98ea-ad58864d5c8a
288478,Vicente da Câmara,1,27,2011-05-16 16:32:11.963929+00,0,cf341600-3083-3758-ab2e-aabc3be25c16
2491,Rollins Band,1,1528,2011-05-16 16:32:11.963929+00,0,dec12681-917e-3589-b6c7-698d5e6db826
1949,Dido,1,2927,2011-05-16 16:32:11.963929+00,0,9dc86147-aa7e-362b-a66b-8a053ef0223e
174862,Kylähullut,1,74,2011-05-16 16:32:11.963929+00,0,bc593783-bbc2-38a1-b834-4a8e31906a60
32186,Joe Louis Walker,1,907,2011-05-16 16:32:11.963929+00,0,da03a7ad-85e9-3437-8aea-69a029a9b529
18,10cc,1,6479,2011-05-16 16:32:11.963929+00,0,0ec6cee1-41ed-3f42-bfde-054e37f0ccc5
207075,Hieronymus Bosch,1,127,2011-05-16 16:32:11.963929+00,0,4624f8e8-7e0d-3ddf-ba95-e1343a19c7c0
7813,Ratos de Porão,1,1588,2011-05-16 16:32:11.963929+00,0,b4f3ca73-f995-38a8-93e3-f4f921bd26e9
1703,Five Iron Frenzy,1,1102,2011-05-16 16:32:11.963929+00,0,9f502a8b-7f78-38d4-ab20-71fbf4d8e551
290277,Ethel Beatty,1,19,2011-05-16 16:32:11.963929+00,0,9909dc1d-c730-37d6-9c0d-b9c1b63d1c4f
177901,Monade,1,127,2011-05-16 16:32:11.963929+00,0,972bab96-d39e-3ea3-86cc-1ce100306864
354194,Celestial Groove Planet,1,4,2011-05-16 16:32:11.963929+00,0,1e6bed6b-1f75-3ae8-8bc6-dfe0b26a58c9
256650,Monastic Squid,1,4,2011-05-16 16:32:11.963929+00,0,cc514b4e-087d-3c11-9aa2-c429eb23fef7
354195,Hand Of Fatima,1,5,2011-05-16 16:32:11.963929+00,0,ca24a023-1821-3400-a83f-8625578e1e3d
324424,The Magickal Folk of the Faraway Tree,1,37,2011-05-16 16:32:11.963929+00,0,f9d1507b-286f-3a46-b893-fa9757f2fd7d
232615,Best of Enemies,1,3,2011-05-16 16:32:11.963929+00,0,34a8992e-0be0-3d87-99ec-1980a92b6134
292953,Asphalt Jungle,1,44,2011-05-16 16:32:11.963929+00,0,0bc0355a-ccbb-3055-9567-0dcde19d032b
316569,Nilda Dimeo,1,10,2011-05-16 16:32:11.963929+00,0,c13928de-168f-301a-82f9-bf77a6d3bd1f
247856,959 Hypersoul,1,3,2011-05-16 16:32:11.963929+00,0,1f8ee382-71dc-3c0a-9c62-c394268080ac
260351,Andrew Francis,1,2,2011-05-16 16:32:11.963929+00,0,9feb5acf-52b1-363c-919b-f993cddd68ae
348973,Ramraider,1,4,2011-05-16 16:32:11.963929+00,0,81abf7fe-c08f-347a-be24-51c3e5f78feb
123941,Bassline Generation,1,32,2011-05-16 16:32:11.963929+00,0,a0507c14-9f36-3153-830f-777280d11af9
251556,Eyeshow,1,16,2011-05-16 16:32:11.963929+00,0,0d1cffad-a2f0-3631-88ef-9a25891b1166
300555,Complete Exclude,1,22,2011-05-16 16:32:11.963929+00,0,7c0e373c-fe02-3a80-bf66-58b23bd3df4f
321659,Pre Historic,1,8,2011-05-16 16:32:11.963929+00,0,e070fbb5-1450-3af3-94f3-4d78711de397
323797,Starnineteen,1,4,2011-05-16 16:32:11.963929+00,0,2053a8fb-e7f1-3844-be45-b4e0b394e370
6048,Crown of Thornz,1,38,2011-05-16 16:32:11.963929+00,0,d4bdc3b9-1f43-3ad8-bd59-390a6f141a21
214943,The Hobbeats,1,2,2011-05-16 16:32:11.963929+00,0,74dbc7d7-5272-33f9-bfee-e03248b33a44
325271,The Scoundrelles,1,2,2011-05-16 16:32:11.963929+00,0,f3dd69b0-b14c-3371-862b-cc41cc0a16ea
278984,Mr Jazz,1,6,2011-05-16 16:32:11.963929+00,0,22a081c0-eb0f-3a26-9a0f-635b953aab0c
122337,Rusty Humphries and the Boneheads,1,3,2011-05-16 16:32:11.963929+00,0,53e7b9c5-abcb-3de0-b707-e9760dbb248d
219329,Abyssaria,1,48,2011-05-16 16:32:11.963929+00,0,aa62ac26-9443-30b9-96fc-53ae9ae2122a
229286,Strangulation,1,22,2011-05-16 16:32:11.963929+00,0,08771b89-48bf-384f-a763-98cb2aae8c6b
100044,Lepore,1,12,2011-05-16 16:32:11.963929+00,0,6a33bc90-9084-3d0d-8a43-1a768ffb4f53
177101,Power Jet,1,5,2011-05-16 16:32:11.963929+00,0,df1a1809-49fa-35a5-a710-7bbcd5ca759c
247596,District 17,1,2,2011-05-16 16:32:11.963929+00,0,9fa1ad26-da9b-322e-ad64-c8cc63b9544b
53834,Foam,1,47,2011-05-16 16:32:11.963929+00,0,44891d2d-8433-3e2a-8b37-e0e7e337102a
304685,Why? Things Burn,1,4,2011-05-16 16:32:11.963929+00,0,8aa17d20-5e4f-3eb3-88d2-0eee0230884c
118411,Page One,1,10,2011-05-16 16:32:11.963929+00,0,c1aa3349-e473-3f99-b8a9-0cb9fc5af36e
296924,Peter Ward,1,6,2011-05-16 16:32:11.963929+00,0,3d67109a-039a-3e3a-a840-6f828acae399
325615,Valery D.,1,2,2011-05-16 16:32:11.963929+00,0,8f7043bb-0f2e-3adc-8788-831c44d4c790
187446,Joey Noise,1,2,2011-05-16 16:32:11.963929+00,0,3c61418e-6a3d-36a0-bdbd-3ab1b807b775
147122,DJ Bourg,1,2,2011-05-16 16:32:11.963929+00,0,2c573bcb-39cc-3ac6-8d19-d5e63b513b20
247208,Arcane Asylum,1,3,2011-05-16 16:32:11.963929+00,0,9fe806bc-98a4-33dc-99a0-40562cc1ed74
332678,Diatribe,1,8,2011-05-16 16:32:11.963929+00,0,db8c8534-ea82-315b-a6f0-c81b784f51e7
347474,Love Transistor,1,4,2011-05-16 16:32:11.963929+00,0,165dd7c3-b240-3f2c-a5ce-ec52faaf5482
48563,Royalty,1,13,2011-05-16 16:32:11.963929+00,0,1723930e-c4ca-3123-9384-e7156a38467a
151886,The Beats,1,15,2011-05-16 16:32:11.963929+00,0,1f769850-8150-3c33-b6a7-772610a6c4cf
226936,Perils Of Pauline,1,4,2011-05-16 16:32:11.963929+00,0,db1cac1f-0ed1-32b9-908f-1c11eecccaf7
105577,Lloydid and Charlie,1,1,2011-05-16 16:32:11.963929+00,0,90fc52d6-6f96-3385-9793-b24d89b6fbf1
145202,Lakuna,1,20,2011-05-16 16:32:11.963929+00,0,39a1d1c2-07a4-33ea-9d31-b68c586e52e9
53249,Fluorescein,1,33,2011-05-16 16:32:11.963929+00,0,80da8cc4-8c01-32d9-879c-429c482a66dc
38308,Polynesian Voices,1,36,2011-05-16 16:32:11.963929+00,0,0f4c22c2-0362-3578-afba-baf1a128269d
330533,Leidensweg,1,8,2011-05-16 16:32:11.963929+00,0,ae799c2f-0146-3dcd-a709-4cbce98b2704
341293,Jaumëtic,1,8,2011-05-16 16:32:11.963929+00,0,e47b51c0-dfd5-3334-9f92-9afefd63bd4d
362146,Terl Bryant,1,58,2011-05-16 16:32:11.963929+00,0,c265b3eb-7980-3363-bbb3-e2c6654626e4
159561,Poca He,1,15,2011-05-16 16:32:11.963929+00,0,f151623d-8c05-3908-935b-569cd1d7a4e7
50010,Mr. Gentleman,1,10,2011-05-16 16:32:11.963929+00,0,cdf00637-0cdd-35cf-9a62-e8eaa80f9a58
333797,Remote,1,16,2011-05-16 16:32:11.963929+00,0,6b53305d-3853-3034-9363-a6a3470e0660
314856,Dame Satan,1,24,2011-05-16 16:32:11.963929+00,0,005789a2-c165-3ae9-9ccd-b61aad11ec06
223429,Joe Taylor,1,163,2011-05-16 16:32:11.963929+00,0,17eee2dd-5c05-3ab0-8966-b01fa931455f
254446,Parkslope,1,4,2011-05-16 16:32:11.963929+00,0,34dcf92e-d390-3770-bd14-3f1ed2ffe400
252284,Tycoon Boy,1,2,2011-05-16 16:32:11.963929+00,0,4f205004-34e0-3d14-8e65-59e1090bf0f9
7735,Dark Carnival,1,28,2011-05-16 16:32:11.963929+00,0,5fae1e2b-2f36-339f-b3e0-2607aa14cf48
230912,S-Force One,1,6,2011-05-16 16:32:11.963929+00,0,ab3f0bac-d4a0-323c-ac3d-7dcef8d03b87
362136,Karlton Tyler,1,6,2011-05-16 16:32:11.963929+00,0,f241ec82-cadd-301f-b761-8792d82feab5
228352,Headshoppe,1,2,2011-05-16 16:32:11.963929+00,0,5a120b7c-f897-3dfb-9c53-8e22bde71625
242334,M-Pac,1,2,2011-05-16 16:32:11.963929+00,0,d92896fd-2d00-3793-87e6-93309708184f
47085,Ondřej Hejma,1,32,2011-05-16 16:32:11.963929+00,0,63ed9d25-d7ed-35df-8bb6-69cffcddc9ff
326745,The Stratfords,1,4,2011-05-16 16:32:11.963929+00,0,89b5834d-f13f-3d6b-8f4f-82013cbe64f5
279907,Celtic Offspring,1,26,2011-05-16 16:32:11.963929+00,0,be037f86-31ce-37e8-9bc6-aa2a58082d8c
270069,Basildon Bond,1,12,2011-05-16 16:32:11.963929+00,0,95857802-3d6a-34df-8d1b-7993fe2cc4ce
222417,Red Rum,1,14,2011-05-16 16:32:11.963929+00,0,80e008cf-bb33-36d5-8b59-49c352c979e4
10472,Relax To ..,1,8,2011-05-16 16:32:11.963929+00,0,95b485b1-d4ec-3c0f-ac3d-a1e181726686
348240,Dailes teātra aktieri,1,39,2011-05-16 16:32:11.963929+00,0,e67cb2e0-2c56-342f-86de-2e0c7fa3b27e
258791,Echo Motel,1,6,2011-05-16 16:32:11.963929+00,0,7e7bbccb-d21f-3cd7-829f-11332bd7dd0e
324426,Wax Ghost,1,45,2011-05-16 16:32:11.963929+00,0,c0df262a-0252-3e21-b9ca-54b1f16c074b
259776,Anam Cara,1,36,2011-05-16 16:32:11.963929+00,0,4b2651df-ecad-36fc-b3e8-195a0e107d7a
138958,EBE,1,95,2011-05-16 16:32:11.963929+00,0,7bdbe8b8-03eb-33ff-a776-bffd94affbd9
285072,Rufus King,1,42,2011-05-16 16:32:11.963929+00,0,a4b68aa1-929e-373f-847a-c5fdff42f372
253764,Sam,1,2,2011-05-16 16:32:11.963929+00,0,9e647985-36ef-35af-8c40-de8104f381b4
270363,Mary,1,62,2011-05-16 16:32:11.963929+00,0,4166c2b3-066c-3d13-87c1-12ebaf4c8d07
273046,Tippen,1,5,2011-05-16 16:32:11.963929+00,0,2b320814-5a78-3dc6-a3e2-e9ea62de6fbb
352458,Deasy,1,2,2011-05-16 16:32:11.963929+00,0,d39b7158-9518-3571-94c1-1159a2978bcc
226514,Devin Davis,1,28,2011-05-16 16:32:11.963929+00,0,5d54a889-c8bf-30f5-bf3f-f4ce789dda80
305678,Brandi Emma,1,5,2011-05-16 16:32:11.963929+00,0,301df32a-60ee-368d-93c8-f43513086644
355487,1984,1,4,2011-05-16 16:32:11.963929+00,0,9fa2fedd-ae69-3883-95f7-d6cadef3ecb3
263707,Alex Stone Group,1,2,2011-05-16 16:32:11.963929+00,0,41b59737-2728-3a73-aca2-81bca0100870
326201,Strange Angels,1,9,2011-05-16 16:32:11.963929+00,0,fbc0efa3-5ffc-3bfa-8750-3671b8d67a09
209069,Beanflipper,1,60,2011-05-16 16:32:11.963929+00,0,78649fb5-f123-332a-8d77-cfbb766c9516
311603,Boys from the Hill,1,28,2011-05-16 16:32:11.963929+00,0,56b4430a-641a-31c2-a58b-5cddf8f2f13b
186008,Eat My Fuk,1,34,2011-05-16 16:32:11.963929+00,0,c0779122-600c-382e-a744-ef2d412079fa
325903,Eve Ensler,1,47,2011-05-16 16:32:11.963929+00,0,74d58c8a-ae4c-3e92-aae4-22d325fc45a3
323083,Perverse M,1,2,2011-05-16 16:32:11.963929+00,0,ea194ab1-c157-37d6-ac03-59500201ac3d
324519,Plans & Apologies,1,91,2011-05-16 16:32:11.963929+00,0,19b5f540-69f4-3b16-bb9f-3767e28420d9
253639,Skandi Girls,1,3,2011-05-16 16:32:11.963929+00,0,2d2e3e23-88b3-3802-a4ed-6ca89bb00672
337862,Collective Addis,1,2,2011-05-16 16:32:11.963929+00,0,7e977aea-1456-30fb-bbe5-a4b6c8a1f53c
270669,Blutpudding,1,4,2011-05-16 16:32:11.963929+00,0,bb8cd645-67e3-3c29-8ff3-1cedd973dbf9
292152,三人祭,1,24,2011-05-16 16:32:11.963929+00,0,98b3a085-8f08-3587-bba1-f3a8f38d3f4d
250213,Orange Soul,1,4,2011-05-16 16:32:11.963929+00,0,4be5baed-3eea-3625-b6e0-bd571f2bb84d
208227,Queen Mecca,1,2,2011-05-16 16:32:11.963929+00,0,674adad9-f4df-3453-b642-bfe13a9a2e04
316776,Evil Stepsister,1,4,2011-05-16 16:32:11.963929+00,0,f866a00d-8440-3a0b-be5f-e93aeb559a6b
4897,Stressball,1,24,2011-05-16 16:32:11.963929+00,0,ae8ccb64-129f-31d5-8946-214bacf226b7
356634,Jennie Tebler,1,16,2011-05-16 16:32:11.963929+00,0,ba1c39a9-5b2f-3a65-ad62-3204d66dde19
161727,Miguel K. y Paulino,1,2,2011-05-16 16:32:11.963929+00,0,0010a35c-494b-353f-90fe-723ca218f26f
175853,Nitre Pit,1,16,2011-05-16 16:32:11.963929+00,0,5191664a-9b2d-3614-96ad-1a1dea68be78
221673,Björn Olsson,1,115,2011-05-16 16:32:11.963929+00,0,8d5969b9-3bfd-3b70-b7fd-2dc10939dac1
252210,The Bunny Station,1,2,2011-05-16 16:32:11.963929+00,0,c332adda-473e-3e0d-a757-37a5fa9d0e4f
350748,Boss Stone,1,2,2011-05-16 16:32:11.963929+00,0,f5f030ce-a470-3682-b158-4b5933134f81
138792,Drunken Master,1,6,2011-05-16 16:32:11.963929+00,0,a27a340b-dde3-3367-8342-d670545459dd
6258,Black Mob Group,1,41,2011-05-16 16:32:11.963929+00,0,8f48bd9c-35c7-3469-9c09-d227cdffa8d1
274460,Phillip Samuels,1,3,2011-05-16 16:32:11.963929+00,0,01832013-f292-3421-9c00-30cdc3bd8633
322900,Inkinen,1,2,2011-05-16 16:32:11.963929+00,0,132db302-b057-384d-a277-22543caabff0
336892,NY Niggers,1,8,2011-05-16 16:32:11.963929+00,0,6cfec959-ee23-3dc9-90b4-7acb9f5d427f
330986,Allegro,1,34,2011-05-16 16:32:11.963929+00,0,9ccb92dc-f8a3-3c64-a3fe-411a07ed26ff
5643,Solarus,1,34,2011-05-16 16:32:11.963929+00,0,9af339c1-44e1-3ae5-93f1-1f9281b949ed
294477,Over Dog 94,1,3,2011-05-16 16:32:11.963929+00,0,d733a28a-9650-34cd-82a9-08aeabd1402c
343793,Mod,1,2,2011-05-16 16:32:11.963929+00,0,3a7a1814-f296-3712-a7d0-68ed4a313425
346221,Gary DeCarlo,1,2,2011-05-16 16:32:11.963929+00,0,bf6c5f49-cf1d-32c2-b5b3-9844753ed329
174729,Central High School Cafeteria Band,1,4,2011-05-16 16:32:11.963929+00,0,b04b8bda-1396-3e74-8a7c-78ee3f1cac4c
241062,My Magnificent Machine,1,2,2011-05-16 16:32:11.963929+00,0,def93acc-cd7f-3836-8eea-abfc5a144b6e
125449,Million Dan,1,64,2011-05-16 16:32:11.963929+00,0,8e7fb398-cd32-3314-ab7e-67515404e758
243915,Diane Langton,1,16,2011-05-16 16:32:11.963929+00,0,91bf1d19-c774-3445-b83e-18aade4fadf4
311822,Baker,1,10,2011-05-16 16:32:11.963929+00,0,e5d09cb0-8d2c-3230-be83-9a3f3516e2cd
288544,Graf Hadik,1,48,2011-05-16 16:32:11.963929+00,0,7f8f4359-8e26-3fc6-b8e6-ad53e575eeb7
321828,Cajuan,1,36,2011-05-16 16:32:11.963929+00,0,a1118f7c-a961-3f34-b496-afae7482e988
269189,Wilson Diesel,1,52,2011-05-16 16:32:11.963929+00,0,7f105063-bbf6-3ccd-aa7c-6809b2473a06
150216,Earlene Bentley,1,40,2011-05-16 16:32:11.963929+00,0,fb3b6c6d-fe34-385a-ae96-f7b1a11d1576
275902,Bobby Carlson,1,2,2011-05-16 16:32:11.963929+00,0,e1a7efdd-8c35-303a-9e23-4b5ef2f155de
284201,Indian Nation,1,4,2011-05-16 16:32:11.963929+00,0,de498802-33a4-3c9b-a814-f76c791fe8c4
200678,In Case of Emergency,1,30,2011-05-16 16:32:11.963929+00,0,18bfc8a0-0614-357a-bc2b-13407f5ff0ca
221747,Inerzia,1,24,2011-05-16 16:32:11.963929+00,0,8f428308-1526-3a9f-a85d-5902165f1833
227500,Prince & The Seraphim,1,2,2011-05-16 16:32:11.963929+00,0,cf737569-0dd6-3c11-b4c8-5837c75a2b0a
313330,Scirrocco,1,2,2011-05-16 16:32:11.963929+00,0,a772c190-bc8a-3c54-9a5f-9843914e2849
346922,Uking-Iningan,1,2,2011-05-16 16:32:11.963929+00,0,ae75a13c-5e01-3853-862e-5f9a3a50a18b
170922,Pils Angels,1,24,2011-05-16 16:32:11.963929+00,0,214c6b95-238e-3c9a-84a3-ba4a1161c4dd
260512,Elizabeth Einstein,1,3,2011-05-16 16:32:11.963929+00,0,d8391f52-43b8-39dd-af32-fb57f7fb9d2f
354993,Moisture Seeking Missiles,1,3,2011-05-16 16:32:11.963929+00,0,957e7b74-0487-3498-8ee1-d3820c46d306
211214,Coyote Ugly,1,2,2011-05-16 16:32:11.963929+00,0,19a164b8-014c-3871-b126-6f2be6842f64
205467,Transcendant Minds,1,2,2011-05-16 16:32:11.963929+00,0,c1596be7-611d-38aa-9fd8-e12faac1c437
248666,Hello Ladies,1,2,2011-05-16 16:32:11.963929+00,0,651211d1-2885-3b9a-a5eb-cf75c8a08844
312251,DJ G-I-S,1,17,2011-05-16 16:32:11.963929+00,0,5cedf601-1989-3389-b0db-fea9299ca975
77194,Samia Farah,1,128,2011-05-16 16:32:11.963929+00,0,d9cc798e-ce8f-3da5-84fb-a5cb4afcb847
313820,Alles Morgen,1,2,2011-05-16 16:32:11.963929+00,0,06d62863-5628-3b53-8632-5492e3b0f121
349088,Three Second Fuse,1,2,2011-05-16 16:32:11.963929+00,0,8a6fe155-bcfc-39e7-a1df-3089a1ba93af
230241,Reggae Death Squad (tm),1,5,2011-05-16 16:32:11.963929+00,0,d09efe2d-2044-372f-b92a-41bbf5cdc204
314072,Poul Bundgård,1,2,2011-05-16 16:32:11.963929+00,0,c9c6b07b-82d7-31f2-bbfe-86d105de47b5
216119,Gluebellies,1,2,2011-05-16 16:32:11.963929+00,0,aab7a932-c29a-3be6-96c5-733b9e8bd7e8
322891,I Ragazzi Di Saranno Famosi,1,2,2011-05-16 16:32:11.963929+00,0,9feb3a56-c87b-3193-9f3d-8f9b3a73b1d3
323458,Vascock,1,2,2011-05-16 16:32:11.963929+00,0,61302d64-deb3-3fca-8324-f04bec5bd580
215979,The Swinging Swine,1,2,2011-05-16 16:32:11.963929+00,0,40321d3f-9c17-3188-a616-de676bbe8ca4
129908,21st Century Aura,1,4,2011-05-16 16:32:11.963929+00,0,844f44a9-195f-3322-a66b-6a91d8aa2897
236362,Ernest Jaillet,1,4,2011-05-16 16:32:11.963929+00,0,9790346b-0ba6-3078-9778-c81b02eb326e
233034,It's Us,1,6,2011-05-16 16:32:11.963929+00,0,8a74d36b-12f3-3ede-9de4-96f8b2c25170
325611,Monica X,1,8,2011-05-16 16:32:11.963929+00,0,0f28ce2a-e494-3b4e-bf51-b18ff7c6fc5d
288929,APSCI,1,94,2011-05-16 16:32:11.963929+00,0,3ece0504-f14b-3279-bb86-6f31a3a73d43
191658,Tony Lord,1,2,2011-05-16 16:32:11.963929+00,0,cd6cb876-a5b0-3d89-8674-7ebf37647b4e
30066,Mo Fun,1,8,2011-05-16 16:32:11.963929+00,0,6c59401b-183b-3bd5-b418-cb275f33da7c
188380,Fresh 'n' Juicy,1,21,2011-05-16 16:32:11.963929+00,0,ed765bae-f980-3a8e-991f-a7950ddacf8f
255337,Jason Call,1,18,2011-05-16 16:32:11.963929+00,0,9156a41a-38e4-3ff7-ba76-3db305e99b7e
66578,Tiny Town,1,44,2011-05-16 16:32:11.963929+00,0,ac7fd819-1b92-3422-b620-305c8ecff8a4
334330,Leap for Joy,1,16,2011-05-16 16:32:11.963929+00,0,b7bc5a19-f69e-3c59-a613-dc745e73a5aa
6383,The Allstonians,1,154,2011-05-16 16:32:11.963929+00,0,fff9dbaf-c8b8-3286-9f9a-3a7e305c9bb9
230634,PBN,1,28,2011-05-16 16:32:11.963929+00,0,8f81be7d-6d6e-31fd-bf7e-31b421f60a76
159393,Beat Positive,1,6,2011-05-16 16:32:11.963929+00,0,2378c86a-2b99-3074-a801-0734ab34c874
326478,Kulturkampf,1,64,2011-05-16 16:32:11.963929+00,0,eb31b879-8450-3a93-8d69-db2fbd3d6aff
228725,Made of Koncentrate,1,20,2011-05-16 16:32:11.963929+00,0,84c1e2dc-6c55-38ea-b3ec-290b4355660b
196558,Erica Guerin,1,24,2011-05-16 16:32:11.963929+00,0,9f2a1be2-d6f9-30e9-8dfb-56921b4faa90
206835,Cheb Barouc,1,16,2011-05-16 16:32:11.963929+00,0,84a6fe61-9a39-3f0d-a384-b6e27cef92f6
343342,DSU,1,36,2011-05-16 16:32:11.963929+00,0,1292e997-0562-3f4d-a91f-ae70900e8560
142205,Sundown Park,1,15,2011-05-16 16:32:11.963929+00,0,fceac26c-3727-316c-a138-25a108b831ad
114123,Blood Red,1,40,2011-05-16 16:32:11.963929+00,0,c80bf7ca-fa90-3e1b-9058-0e1a77d7b1ad
345299,DJ Meri,1,30,2011-05-16 16:32:11.963929+00,0,ed751202-4184-35c9-ad82-c69c597bc2cc
235038,Al Jacobs,1,6,2011-05-16 16:32:11.963929+00,0,57020b43-4bea-35cb-8b8f-226b68ecd6b1
278915,Denise Smith,1,2,2011-05-16 16:32:11.963929+00,0,3198b90b-5e44-3c36-8eb1-fb6ffd6062ad
309426,Uschi,1,16,2011-05-16 16:32:11.963929+00,0,32a79bb6-c36a-3fd7-81f5-baca26475086
7636,Jag Offs,1,50,2011-05-16 16:32:11.963929+00,0,8038e991-2694-3616-a625-7c49d83d7b41
160403,Kjeld og Dirch,1,4,2011-05-16 16:32:11.963929+00,0,16b9156d-4789-37ae-99ec-0102ae898097
129485,Speeka,1,68,2011-05-16 16:32:11.963929+00,0,5e96aa0b-91ef-3cb7-b209-58e48a0df8a8
123330,Eric Triger,1,22,2011-05-16 16:32:11.963929+00,0,3bfdfb40-a0d3-3594-a10b-ad4bb830ea77
156000,Eliot Morris,1,44,2011-05-16 16:32:11.963929+00,0,3122d270-bb21-3fa7-b5a8-4249bc4b99cb
218200,C Vello,1,4,2011-05-16 16:32:11.963929+00,0,bfbb37a7-0401-33c0-acd7-7c9cba867573
324427,The Golden Oaks,1,43,2011-05-16 16:32:11.963929+00,0,c01cb892-be78-3053-9d6b-1a18f14f8155
161729,Expressão Ativa,1,48,2011-05-16 16:32:11.963929+00,0,779eaa3f-c2f3-3fa1-bc47-ca046ec012e7
156322,Omer & Crooks,1,4,2011-05-16 16:32:11.963929+00,0,a1343cab-a471-3087-8df3-af6a6863c116
134442,Hopen Collective,1,2,2011-05-16 16:32:11.963929+00,0,cf617948-d557-3739-9ce2-1833ea0b3474
326202,Scrüj MacDuhk,1,50,2011-05-16 16:32:11.963929+00,0,b8a01afd-d651-3bcd-9bd4-f3c7dcbc4316
362157,David Heming,1,30,2011-05-16 16:32:11.963929+00,0,d4bd1a0e-a605-3f81-b19c-8b9115f174c9
223587,The Duncans,1,3,2011-05-16 16:32:11.963929+00,0,750e347a-9f01-3896-a1cd-e7bfc3167048
115849,Roque Jacinto de Chavarria,1,21,2011-05-16 16:32:11.963929+00,0,2b8507d1-9679-30b2-8d19-3aee53a6a021
330532,Ai Hua,1,16,2011-05-16 16:32:11.963929+00,0,5028e5c3-3ae6-3ac6-bb31-597300131609
8565,Drunk Horse,1,97,2011-05-16 16:32:11.963929+00,0,da7a7d67-652c-3751-a54c-25610d64ccda
256351,Mother Fury,1,2,2011-05-16 16:32:11.963929+00,0,24f6a575-9b6a-3fa2-b8de-eb6387856ed1
7990,Underground Symphony,1,24,2011-05-16 16:32:11.963929+00,0,467d45c9-5e05-37d2-aad8-6e48f619ddc7
245445,Mortillo,1,2,2011-05-16 16:32:11.963929+00,0,fe0f0246-c8c9-3b99-9c81-b6311717f199
219363,Explosionsgefahr,1,2,2011-05-16 16:32:11.963929+00,0,9c594e2f-db34-30f7-8f12-e04be55c578b
177183,Wild Flowers,1,28,2011-05-16 16:32:11.963929+00,0,041deb3f-e06a-3290-afe0-7a1a3de7fc6b
248900,Monkenstef,1,2,2011-05-16 16:32:11.963929+00,0,9db62481-126a-3bb4-9df8-0650d692f492
279911,And All Because the Lady Loves,1,93,2011-05-16 16:32:11.963929+00,0,52482b79-1ad6-323c-b972-fb7f4c2161f3
200648,Cosmonautics,1,12,2011-05-16 16:32:11.963929+00,0,b653dc0d-b598-3e56-bbd2-81bcd21f89e8
7291,Fumi,1,59,2011-05-16 16:32:11.963929+00,0,d1fe439d-a730-3393-92db-f810c8570929
156408,Valentino,1,23,2011-05-16 16:32:11.963929+00,0,66b60783-8fe2-36dc-8c66-eb1f37c7315a
267032,DJ Amato,1,8,2011-05-16 16:32:11.963929+00,0,2fbd8eba-1eba-3243-aca7-a73a5dc6a777
125420,Mr. Jam,1,41,2011-05-16 16:32:11.963929+00,0,6367a799-10ca-32eb-b736-7771c561645e
273261,The Lunatunes,1,42,2011-05-16 16:32:11.963929+00,0,9869f2b7-6fa8-39e3-81f0-9df53b887ed7
182806,Joel Rubin Jewish Music Ensemble,1,74,2011-05-16 16:32:11.963929+00,0,188274fd-d950-3b96-ae95-cce14eb9e1df
3784,The Ambush,1,89,2011-05-16 16:32:11.963929+00,0,259cead0-7034-3605-9046-91de29836fd6
1507,Straight Faced,1,186,2011-05-16 16:32:11.963929+00,0,67a0d0d0-541f-3b5e-91b1-815bf045e2c5
248772,Apenino,1,74,2011-05-16 16:32:11.963929+00,0,6179800d-4388-3773-ae8b-f8b594e1cf3f
249644,Wizard Lizard,1,34,2011-05-16 16:32:11.963929+00,0,179735b2-cae2-3ebd-b86d-c4e719488d02
244272,The Pete King Chorale & Orchestra,1,10,2011-05-16 16:32:11.963929+00,0,d448bb66-bef8-3056-baf9-734bf32c0f9b
219370,Munition,1,18,2011-05-16 16:32:11.963929+00,0,85aa98dc-aa8c-38dd-99ad-9ad91eb08d73
219361,Tchi,1,103,2011-05-16 16:32:11.963929+00,0,0f0b2fdd-2a15-3d1a-b637-5cb41929a9d3
7294,The Powdered Rhino Horns,1,39,2011-05-16 16:32:11.963929+00,0,4f79f205-eb14-3b38-9454-a5fb84d210bd
85889,TST,1,42,2011-05-16 16:32:11.963929+00,0,10f20550-5f27-3196-8996-6db7cdd998b8
195070,El Viejín,1,30,2011-05-16 16:32:11.963929+00,0,3ee54400-3869-3569-a73b-4451c69fac8f
156419,Chihiro Yamanaka Trio,1,64,2011-05-16 16:32:11.963929+00,0,7332852e-a753-3705-ab88-d903601f3df3
267361,Wolfcry,1,84,2011-05-16 16:32:11.963929+00,0,283c1350-1663-3e7d-956a-a986588381fd
359153,Muzykoterapia,1,65,2011-05-16 16:32:11.963929+00,0,9ff9b5a0-1efd-3892-9e21-2e58847ced90
330607,Primary Slave,1,66,2011-05-16 16:32:11.963929+00,0,d9968d3f-6a85-379b-83d8-e46a421205f3
219365,Dill,1,2,2011-05-16 16:32:11.963929+00,0,3f13d6e6-f3a5-3c83-890a-05d388e5aeb8
346644,Michael Rank,1,24,2011-05-16 16:32:11.963929+00,0,a06efb39-8324-3392-a12d-2e46c570e673
56709,Ted Lundy,1,6,2011-05-16 16:32:11.963929+00,0,db2b64bc-aed5-324d-b285-3b92bc52ae87
267365,Kublai Khan,1,36,2011-05-16 16:32:11.963929+00,0,2b209a74-c867-329a-9297-8b0ba8310115
7207,EXP,1,49,2011-05-16 16:32:11.963929+00,0,c958c0c0-1e4e-343f-b74c-eeb62224488b
225638,Sin City Six,1,63,2011-05-16 16:32:11.963929+00,0,366dc316-62ba-3d11-aa3e-603db2d723b1
266395,Hasan Salaam,1,86,2011-05-16 16:32:11.963929+00,0,92a0cd3a-7ca5-3d32-a105-45a52ccff9a6
255168,Zavel Kwartin,1,20,2011-05-16 16:32:11.963929+00,0,5e2d1004-0033-3f54-a781-6fb7623b4f01
224316,Peter Viskinde,1,275,2011-05-16 16:32:11.963929+00,0,4d287341-815c-3322-a77a-4e9902f51520
213254,Frankie Sly,1,11,2011-05-16 16:32:11.963929+00,0,2ae78574-03fe-3b70-89ea-0581b40d95df
105804,Raccoon,1,46,2011-05-16 16:32:11.963929+00,0,a2bae27f-ed8f-3a92-8140-f6a2b394f46a
5037,Latex Empire,1,98,2011-05-16 16:32:11.963929+00,0,8b7af46f-663b-3f3b-9819-57b8f2c016f2
193771,Brian and Michael,1,53,2011-05-16 16:32:11.963929+00,0,0fdb40e3-e95b-38f5-89e8-9b9a9333108e
225199,Gérard Presgurvic,1,630,2011-05-16 16:32:11.963929+00,0,ef3ca030-69f0-3a72-863d-3e721793ba45
32060,Scarecrow & Tinmen,1,82,2011-05-16 16:32:11.963929+00,0,150af705-74b5-3798-982e-3101dc26acf4
304829,Cool Peepl,1,5,2011-05-16 16:32:11.963929+00,0,2594d9f7-4c5a-3e05-ba90-b50245381e6e
85478,Rick Danko,1,352,2011-05-16 16:32:11.963929+00,0,2da005fb-44e7-3350-b2b2-2a8f6178fd90
215389,Roxie 77,1,136,2011-05-16 16:32:11.963929+00,0,4ea1806b-c248-36b6-8cb6-2b2974d8a721
1623,Strife,1,207,2011-05-16 16:32:11.963929+00,0,62e552ca-8863-3911-abca-b284d48de04d
127395,Kevin Saunderson,1,205,2011-05-16 16:32:11.963929+00,0,a8359452-8b64-3b9c-ac44-a22b6da22093
45273,Solar Twins,1,40,2011-05-16 16:32:11.963929+00,0,04cae5a1-81ac-32b0-bcab-d25ebfafa958
324382,Purple Sex Heads,1,40,2011-05-16 16:32:11.963929+00,0,b0c16858-2219-3981-a976-358d5ab8bb81
5322,Tom Lellis,1,165,2011-05-16 16:32:11.963929+00,0,01d57855-02ea-3d16-b8c3-bf34860e392d
356913,Ingrid Van Bergen,1,14,2011-05-16 16:32:11.963929+00,0,876e931e-6636-37fe-878f-ff560447786e
46741,Kashtin,1,150,2011-05-16 16:32:11.963929+00,0,6384bb0d-3367-358b-afea-1f5075480bf3
108067,Transformer Lootbag,1,24,2011-05-16 16:32:11.963929+00,0,9ea4cae5-22f0-3fb8-b81d-0500faab2acc
154746,Orlando Brown,1,13,2011-05-16 16:32:11.963929+00,0,6ff115fd-6404-315b-bc92-d0a28556e806
78063,Toronto,1,226,2011-05-16 16:32:11.963929+00,0,6a05ff35-ad67-3852-b0c5-7a44450123a7
270762,Linda Leen,1,64,2011-05-16 16:32:11.963929+00,0,f07d3db8-d575-32c7-9408-617b9a449f42
6042,Fireball Ministry,1,187,2011-05-16 16:32:11.963929+00,0,538219c1-a886-3e35-ba5d-291fe92eb3ec
282804,Camille Bazbaz,1,100,2011-05-16 16:32:11.963929+00,0,f38ff560-8c49-3c4a-afac-2c663b6b900f
274266,Quiet Bears,1,88,2011-05-16 16:32:11.963929+00,0,f8d334ed-8a7e-37c0-9afb-ebbfadd3f325
294432,Tuff Lion,1,68,2011-05-16 16:32:11.963929+00,0,805696d9-9232-3660-94a8-f492d3424ad9
480,98 Degrees,1,107,2011-05-16 16:32:11.963929+00,0,d0e4e905-6ad2-353d-89ce-acfdb1e2fc0f
232263,Claudio S. Grafulla,1,15,2011-05-16 16:32:11.963929+00,0,c5dbfd60-274f-308c-bdbc-6c0c9d167168
245435,The Cow Exchange,1,171,2011-05-16 16:32:11.963929+00,0,507591ae-4992-3060-a723-7be859cd9938
350239,No Pigs,1,51,2011-05-16 16:32:11.963929+00,0,40653691-700e-3df4-8dc1-a9575f8b7c54
7068,Scotty Hard,1,44,2011-05-16 16:32:11.963929+00,0,f7011420-3ddb-3979-abb1-d7633ba2fa58
4312,Frank Loesser,1,1315,2011-05-16 16:32:11.963929+00,0,cbe9b0af-70f6-3fec-affe-54cc6f69997a
104455,Mars,1,160,2011-05-16 16:32:11.963929+00,0,bcb8cf61-de5d-3a2c-a802-5e65090991fe
274458,Prince Heron,1,7,2011-05-16 16:32:11.963929+00,0,78045b36-27ba-39e6-9653-ba34dc502ff0
325723,Karl Grönstedt,1,7,2011-05-16 16:32:11.963929+00,0,05f87e39-faa2-31fe-81a2-437e408b9e49
191240,First Blood,1,207,2011-05-16 16:32:11.963929+00,0,2e3336eb-1da9-3bd6-a136-b5b8dcb5ca59
205778,Blak 'n' Spanish,1,49,2011-05-16 16:32:11.963929+00,0,338271c3-fb2e-3d5a-8590-74d0db1ab7bd
5043,Rhythm Pigs,1,151,2011-05-16 16:32:11.963929+00,0,15722078-ed96-3fb6-ad45-f9e4bff5d11b
399,Veruca Salt,1,720,2011-05-16 16:32:11.963929+00,0,937bf9c9-f736-3827-8d8c-ebc5e7c93ddc
107849,Shiny Beast,1,27,2011-05-16 16:32:11.963929+00,0,6471babb-8280-37d9-97a3-cd11ce913078
108551,Peace and Love,1,29,2011-05-16 16:32:11.963929+00,0,df4e42ba-8dec-3760-aa1e-f2760d512044
220310,Ruud Knolraap & The Sweet Vegetable,1,8,2011-05-16 16:32:11.963929+00,0,234efb48-5338-3c19-8065-a86745889718
76219,Rita Springer,1,305,2011-05-16 16:32:11.963929+00,0,8b2e6157-6184-31e3-a3bf-27ba2f8ef1be
8136,Sonic Boom,1,145,2011-05-16 16:32:11.963929+00,0,1ff6acef-0f93-3cb2-8603-b618ff9ac150
207796,PDI Music,1,130,2011-05-16 16:32:11.963929+00,0,35749185-77ec-39f8-946d-b5dfffc43bdb
305389,emiko,1,39,2011-05-16 16:32:11.963929+00,0,ded986d4-dd8e-3b03-84e4-f51c53dd514e
176517,She-Male Trouble,1,110,2011-05-16 16:32:11.963929+00,0,e5b71e14-4d86-3de4-b2fc-f28270e33a53
274459,Andru Bemis,1,107,2011-05-16 16:32:11.963929+00,0,77fcd4fb-6e86-3a28-b801-f350dab08bfc
322890,Sevin,1,402,2011-05-16 16:32:11.963929+00,0,3cb38546-c9cb-35f9-80fa-f1c75dddebfe
303805,The Panic Division,1,144,2011-05-16 16:32:11.963929+00,0,41d191d9-5af3-3d4a-96e1-5baee193e2d3
307242,Dianne Steinberg,1,30,2011-05-16 16:32:11.963929+00,0,6e5557fa-8377-3c2f-aa6f-1f65e1fd326f
272854,Pinkostar,1,55,2011-05-16 16:32:11.963929+00,0,26700e3e-6979-3e01-a355-77fde6632e49
325609,Brian Cross,1,49,2011-05-16 16:32:11.963929+00,0,04f3171c-011c-3601-80f8-d6751f689087
51227,Brainbug,1,530,2011-05-16 16:32:11.963929+00,0,72d13a65-55e7-3736-9ef4-0bf19551155b
194916,Kimberley Rew,1,107,2011-05-16 16:32:11.963929+00,0,742a33c7-93ff-3b35-9b87-c0eec5127f04
41231,Joe Fagin,1,241,2011-05-16 16:32:11.963929+00,0,717a81a7-5da3-3255-9aad-671bdf843bea
334565,Amnjk,1,58,2011-05-16 16:32:11.963929+00,0,ba94db5e-8a75-37d7-a9be-2b1045eb99c7
155131,Tvangeste,1,67,2011-05-16 16:32:11.963929+00,0,2895ec24-791d-3297-a037-89466b57cdf0
224878,Frostmoon,1,27,2011-05-16 16:32:11.963929+00,0,f0b2d150-4097-3d5a-af69-18e4850b6ed5
185325,Outlines,1,118,2011-05-16 16:32:11.963929+00,0,3227bc6c-6315-36e0-9ace-930f7ace1ccc
284883,Asynja,1,22,2011-05-16 16:32:11.963929+00,0,806ac13c-56f1-3b72-bd54-b1d262c2bdea
57449,Eiffel,1,376,2011-05-16 16:32:11.963929+00,0,a257e104-e806-3682-9cb8-64b54d0fb37f
162331,Chris Barron,1,124,2011-05-16 16:32:11.963929+00,0,8fe695dc-0774-3437-9378-8b23380e6d17
93365,Wei Li Yang,1,100,2011-05-16 16:32:11.963929+00,0,51c8566a-a02f-335b-a137-c7de9469b6a7
57470,Stateless,1,279,2011-05-16 16:32:11.963929+00,0,cbd4f2b3-3509-3376-840e-c3507c8a5ce0
202361,Vallanzaska,1,313,2011-05-16 16:32:11.963929+00,0,b90af02f-1c60-36f5-95b6-4c2841bad89b
228941,Necrony,1,174,2011-05-16 16:32:11.963929+00,0,38bd0eb4-b3b9-36d9-9990-39296e21bead
219364,Gary,1,126,2011-05-16 16:32:11.963929+00,0,53059993-00e4-3c6d-a2e5-2a55bd282801
57217,Fisk Jubilee Singers,1,282,2011-05-16 16:32:11.963929+00,0,8433b166-ca7a-38b9-8617-e20b40d28138
2566,Eläkeläiset,1,1636,2011-05-16 16:32:11.963929+00,0,29488a35-1f6e-3ed3-9752-d43278b91f56
221676,Postcard,1,30,2011-05-16 16:32:11.963929+00,0,58b73e29-4c4d-3762-b4a2-9c395f5afb4e
147148,Daniel Darc,1,574,2011-05-16 16:32:11.963929+00,0,35b48b45-b094-3d4b-917f-f6ba1c570a41
362115,Buster Bennett,1,35,2011-05-16 16:32:11.963929+00,0,3f8253e6-ade0-357a-ba60-a15da850d328
204917,Jack Foster III,1,118,2011-05-16 16:32:11.963929+00,0,855e5835-990b-3737-a9b5-4300d24843fb
164138,Les Avions,1,175,2011-05-16 16:32:11.963929+00,0,7577aedd-e29c-3127-b274-f5fb805efc7d
312073,Alan Bern,1,23,2011-05-16 16:32:11.963929+00,0,ec5756df-569f-3b85-a678-567287df0bff
217136,Lethargy,1,140,2011-05-16 16:32:11.963929+00,0,00dadc76-d073-3c4c-809d-456cfd39c0b0
263967,Canterbury Effect,1,64,2011-05-16 16:32:11.963929+00,0,093a93c7-282a-3d72-8c8f-5fab0e4016b5
41646,Viveza,1,6,2011-05-16 16:32:11.963929+00,0,5f4addcf-ed8c-36ec-823f-0bb631707051
173617,Laroche Valmont,1,142,2011-05-16 16:32:11.963929+00,0,dcb97b33-ccfd-3598-b76c-7989fdaca551
107192,Marcus Viana,1,255,2011-05-16 16:32:11.963929+00,0,b3d221a6-38f3-3348-84cc-c5c2ab887ba3
350488,Leroy "Mafia" Heywood,1,14,2011-05-16 16:32:11.963929+00,0,61346911-dd2d-3248-b014-ebb50cc20553